{"cameraMode":{"drawMode":0,"name":"Shaded","section":"Shading Mode"},"sceneLighting":true,"audioPlay":false,"sceneViewState":{"showFog":true,"showMaterialUpdate":false,"showSkybox":false,"showFlares":true,"showImageEffects":true,"showParticleSystems":true},"in2DMode":false,"pivot":{"x":4.223196029663086,"y":3.161186456680298,"z":-3.213932514190674},"rotation":{"x":-0.09260530769824982,"y":-0.7801676392555237,"z":0.11894004046916962,"w":-0.6072254180908203},"size":3.924464464187622,"orthographic":false}