{"cameraMode":{"drawMode":0,"name":"Shaded","section":"Shading Mode"},"sceneLighting":true,"audioPlay":false,"sceneViewState":{"showFog":true,"showMaterialUpdate":false,"showSkybox":false,"showFlares":true,"showImageEffects":true,"showParticleSystems":true},"in2DMode":false,"pivot":{"x":4.45456600189209,"y":3.1110000610351564,"z":-2.4769999980926515},"rotation":{"x":-0.041380856186151507,"y":-0.7365230917930603,"z":0.04518892616033554,"w":-0.6737103462219238},"size":7.307775020599365,"orthographic":false}