{"cameraMode":{"drawMode":0,"name":"Shaded","section":"Shading Mode"},"sceneLighting":true,"audioPlay":false,"sceneViewState":{"showFog":true,"showMaterialUpdate":false,"showSkybox":false,"showFlares":true,"showImageEffects":true,"showParticleSystems":true},"in2DMode":false,"pivot":{"x":20.73139190673828,"y":0.05852001905441284,"z":-3.282482862472534},"rotation":{"x":-0.03545676916837692,"y":-0.8085489869117737,"z":0.04897584766149521,"w":-0.585327684879303},"size":2.0987327098846437,"orthographic":false}