{"cameraMode":{"drawMode":0,"name":"Shaded","section":"Shading Mode"},"sceneLighting":true,"audioPlay":false,"sceneViewState":{"showFog":true,"showMaterialUpdate":false,"showSkybox":true,"showFlares":true,"showImageEffects":true,"showParticleSystems":true},"in2DMode":false,"pivot":{"x":1.4485235214233399,"y":0.13367176055908204,"z":6.25520133972168},"rotation":{"x":-0.2276160567998886,"y":0.5248653292655945,"z":-0.1480903923511505,"w":-0.8067243099212647},"size":5.694297790527344,"orthographic":false}